source_number,word,extraction_status,source_image
1,aloof,sample,sample
2,bandwidth,sample,sample
3,bureaucracy,sample,sample
4,cadence,sample,sample
5,caveat,sample,sample
6,discrepancy,sample,sample
7,dubious,sample,sample
8,frugal,sample,sample
9,implicit,sample,sample
10,liability,sample,sample
11,mundane,sample,sample
12,nuance,sample,sample
13,nudge,sample,sample
14,opaque,sample,sample
15,pedantic,sample,sample
16,plummet,sample,sample
17,revamp,sample,sample
18,ruminate,sample,sample
19,scarce,sample,sample
20,stringent,sample,sample
